n_space,mc,volume,length_scale,mac_spatial,mu_mac_spatial,std_mac_spatial
102400,0.5,718727551.5795683,11.877505562145846,0.48665281216410544,-0.0007283321194464676,0.015409253415488605
